gen_kW_,defint_kW_,Nondefint_kW_
0.118192643,0.125792188,0.123505365
